PageName,InDegree,OutDegree,PageRank
Homepage,5,8,0.1639834918191169
CS_Dept,4,5,0.10306104084362586
Math_Dept,4,5,0.10306104084362586
Library,3,2,0.06187618222126717
Course_Portal,4,5,0.11166012176844692
Linear_Algebra,4,3,0.07588789267461464
Data_Science,4,3,0.07588789267461464
Student_Resources,3,3,0.07011359911970871
Research,4,4,0.09192819007737364
Faculty,4,3,0.0774691510593045
Admissions,4,1,0.042010662517435855
Alumni,0,1,0.023060734380865342
